pdb_id,chain_a,chain_b
2AAB,L,H
4TRP,H,L
4EBQ,H,L
4TUO,A,B
5CP3,A,H
1F4W,L,H
8EZK,A,H
2DLF,L,H
1F4X,L,H
4OTX,L,H
6U1T,H,L
1MFA,L,H
1HIL,A,B
1E6O,H,L
1VFA,A,B
1UZ6,E,F
1CDK,A,I
3D36,A,C
6O4M,C,A
7OR8,A,P
7ORG,A,P
7ORS,A,P
7ORH,A,P
7ORT,A,P
4XBU,A,B
2GNH,A,I
2GNJ,A,I
3DND,A,I
2GNI,A,I
3DNE,A,I
1IS0,A,C
7OZT,AAA,BBB
1YDR,E,I
1Q8W,A,B
1STC,E,I
4YXR,A,I
1DZI,A,B
9VB8,A,B
3G9W,A,C
4WJK,A,B
8W30,A,B
8TEC,A,C
8TEE,A,C
3EJH,A,E
1UKM,A,B
7A6O,A,B
1GL4,A,B
9IGO,A,B
7EOW,A,B
4PZ5,A,B
2RKY,A,B
1NPE,A,B
2RL0,A,C
8PEQ,A,J
3CAL,A,B
2ZL4,A,1
1GBD,A,P
1GBB,A,P
1GBC,A,P
1GBF,A,P
1GBH,A,P
1GBI,A,P
3KTI,A,H
2LPR,A,P
6LPR,A,P
7LPR,A,P
1P05,A,P
1GBK,A,P
1GBL,A,P
1GBM,A,P
3DY0,A,B
3LPR,A,P
9LPR,A,P
10BT,A,E
10KU,A,E
10LG,A,B
10TC,A,B
10VB,A,B
10VC,A,B
10ZO,A,B
11KR,J,K
11LJ,A,C
12AJ,B,A
12E8,L,H
12FC,A,B
12FD,A,B
12FE,B,A
12NP,A,C
12RH,A,B
12RM,A,B
12ZJ,A,B
148L,E,S
15C8,L,H
1A00,A,B
1A01,A,B
1A07,A,C
1A08,A,C
1A09,A,C
1A0Q,L,H
1A0U,A,B
1A0Z,A,B
1BRS,A,D
1BRS,B,E
1BRS,C,F
2PTC,E,I
1AZZ,A,C
1AVW,A,B
1SMF,E,I
1AVX,A,B
1TX6,A,I
2ILN,A,I
1TPA,E,I
1PPE,E,I
1ZR0,A,B
1MCT,A,I
3RDZ,A,C
2R9P,A,E
1F2S,E,I
2BTC,E,I
3T62,A,D
1TAB,E,I
2STA,E,I
1EZS,A,C
3MYW,A,I
3C59,A,B
3C5T,A,B
4MS3,A,B
4MS1,A,B
4MQF,A,B
4MR8,A,B
4MS4,A,B
4MQE,A,B
4MR9,A,B
3IOL,A,B
3N93,A,C
4MR7,A,B
4PAS,A,B
5OTT,A,B
4ZGM,A,B
5OTU,A,B
5OTV,A,B
5OTW,A,B
5OTX,A,B
2QKH,B,A
5II0,A,D
7UZO,A,B
6PFO,A,C
7UZP,A,B
8D51,A,B
5PA9,A,C
5PAA,A,C
5PAG,A,B
5PAN,A,B
5PAR,A,C
5PAY,A,C
5PB2,A,C
5PB4,A,C
5PB5,A,B
5PB6,A,C
5PAC,A,B
5PAF,A,B
5PAM,A,B
5PAO,A,C
5PAQ,A,B
5PAS,A,C
5PAU,A,C
5PAX,A,C
5PB3,A,C
5PAJ,A,B
5PAK,A,C
5PAW,A,B
2FIB,A,B
2VR3,A,C
9KHC,A,B
4B60,A,C
4F27,A,Q
3AT0,A,B
8FN9,A,B
5CFA,A,C
9R5Y,A,B
8FN8,A,B
2Y7L,A,B
2GOX,A,B
3D5S,A,C
3D5R,A,C
4F1Z,A,Q
2RKZ,A,M
3PMA,A,B
4NXQ,A,D
1XM1,A,H
1NT1,A,H
1SL3,A,B
1TA2,A,B
1TA6,A,B
1ZRB,A,B
1NM6,A,B
1ZGI,A,B
1ZGV,A,B
2BDY,A,B
1Z71,A,B
1HAG,E,I
3C1K,A,B
1DOJ,A,B
1D6W,A,I
1D9I,A,I
1PPB,L,H
1ABJ,L,H
1HAI,L,H
1LI1,A,C
7BEE,A,C
8YV3,A,B
7BDU,A,C
7BFI,A,E
4AU2,A,E
5OU9,A,C
5OU8,A,C
2WUH,A,B
7NMU,AAA,CCC
8P6J,BBB,AAA
2V5F,A,X
4BTB,A,C
4ARF,A,B
9HT8,A,E
3I91,A,C
9SYN,A,B
4BVY,A,B
4BL7,A,B
4BVX,A,B
8YTF,A,B
6SBA,A,B
4GUU,A,B
4DM6,A,E
3P9Y,A,E
4DM8,A,C
5ZJQ,A,B
5ZJT,A,B
4GUT,A,B
7EDP,B,A
4DMA,A,E
7OXU,A,B
3G5O,A,B
2W5Z,A,C
1RJK,A,C
1RKH,A,C
2O4J,A,C
2O4R,A,C
5XZH,A,C
1RKG,A,C
5XPO,A,C
1CGI,E,I
1CGJ,E,I
3M7Q,A,B
1EAI,A,C
1TGS,Z,I
3SGB,E,I
1D6R,A,I
5J4S,A,B
5J4Q,A,B
1R0R,E,I
3D65,I,E
1AN1,E,I
1GL1,A,I
1ACB,E,I
1SFI,A,I
2F91,A,B
2VU8,E,I
1LDT,T,L
1TEC,E,I
2SGP,E,I
1SGE,E,I
6BWV,A,D
6MGP,A,X
2HLE,A,B
7DV4,A,B
1OQE,A,K
3RNQ,B,A
3RNK,A,B
3BP5,A,B
4L0P,A,B
7TZH,A,B
3BP6,A,B
3KKA,A,C
5E6S,A,B
4ZQK,A,B
6UMT,A,B
3FY2,A,B
7SJQ,A,D
7OUN,A,B
6NNV,A,I
3HEI,A,B
1G1S,A,C
3FXX,A,B
7FBK,A,C
8ZNL,A,B
6ZHT,C,B
6D68,A,C
4NNJ,A,B
5TR4,A,B
6W9R,M,A
6ZHS,A,B
7SOL,A,B
4LJO,A,B
5L6H,A,B
4LJP,A,B
6ZQH,A,B
6UPU,A,B
7V8F,B,A
2C7N,A,B
5D1L,A,B
4JQU,A,B
2EKE,A,C
3E95,A,C
5D1K,A,B
6OP8,A,B
5MN9,A,C
2FIF,A,B
9MUX,A,D
9YE9,A,B
5JHW,A,C
1RV6,V,X
1DEV,A,B
2G6Q,A,B
1KTZ,A,B
6ZVQ,A,B
3QB4,A,B
8DC0,A,B
5XOD,A,B
7S47,A,B
1WWW,V,X
3OB1,A,B
5HL0,A,B
6AK2,A,D
1H59,A,B
6I1S,A,B
5VZ4,A,B
5HKZ,A,B
5HKY,A,B
1HWG,A,B
3H9R,A,B
9RDA,A,B
1MIZ,A,B
2DSP,B,I
7PH1,E,I
4TPI,Z,I
2TGP,Z,I
2TPI,Z,I
3TPI,Z,I
8D4V,A,B
6Z48,A,B
2VRP,A,B
7K4M,A,B
7DY4,A,B
7DY3,A,B
8D4S,A,B
3MJG,A,X
1EOL,A,B
7SR9,A,B
1EOJ,A,B
6VTM,A,B
7Q5T,AAA,GGG
1XMN,A,B
1OPH,A,B
1K9O,I,E
3F1S,A,B
1A7C,A,B
6GWQ,A,B
3PB1,I,E
1OC0,A,B
3N7S,A,C
2BNU,A,B
3IK5,A,B
1VEU,A,B
5FWX,A,B
1QSC,A,D
1VET,A,B
6OCP,A,P
4RWG,A,D
1F3V,A,B
4WW1,A,B
1SKO,A,B
6D1U,A,D
3CPT,A,B
2OQ1,A,B
2ZL1,A,B
1K3A,A,B
4ZIE,A,C
4K72,A,C
2R3Y,A,D
3GDV,A,D
4K76,A,E
4K78,A,B
4E34,A,C
4K75,A,B
4E3B,A,C
3SFJ,A,B
4NMO,A,C
4NMP,A,C
4K6Y,A,C
4E35,A,C
4NMT,A,C
2EGN,A,B
4NMQ,A,C
4Q6S,A,C
4NMV,A,C
4JOG,A,C
4RQZ,A,D
4NMS,A,C
1SOZ,A,D
6OV7,A,C
4NMR,A,C
6XNJ,A,B
1TMQ,A,B
6U22,A,C
1CLV,A,I
1D0D,A,B
1BVN,P,T
6VXY,A,C
1XG2,A,B
6BVH,A,I
4HGC,A,I
3UOU,A,B
4XOJ,A,B
3I29,A,B
1ZLI,A,B
3VEQ,B,A
1DHK,A,B
5FFN,A,I
1ZLH,A,B
6S07,A,C
8OQN,A,C
8OQP,A,C
8OQR,A,C
8OPY,A,C
8OQS,A,C
5W93,A,D
3I5R,A,B
8EBM,A,C
5TWG,A,E
2O9V,A,B
5TWH,A,E
8PF8,A,C
2DXP,A,B
3D3X,A,C
2V3Z,A,B
3DKS,A,E
2V3X,A,B
7O4V,A,C
5OR2,A,B
7O1J,D,A
8R7A,A,B
8R7D,A,B
8PQ7,A,B
7XVK,A,B
3CDW,A,H
7NLJ,A,B
7W0T,B,A
7W0S,B,A
6HLV,A,B
7W0Q,A,B
7NMM,A,I
5TP1,A,P
5L83,C,A
8A5L,A,B
4XA9,A,a
8B8V,A,B
6HLN,A,B
6HMV,A,B
7RFY,A,B
7D35,A,B
1YYP,A,B
7TA4,A,C
2H9H,A,I
1SBB,A,B
1T6B,X,Y
2NTS,P,A
3MC0,A,B
2AQ2,A,B
1L0Y,A,B
2AQ1,A,B
2AQ3,A,B
2QC1,A,B
1S5B,A,D
3BPQ,A,B
1S5E,A,D
1S5C,A,D
1S5D,A,D
3MFG,A,B
3BOO,A,B
9RIU,A,B
6A7V,A,D
2C9T,A,K
3BZD,A,B
3BYY,A,B
5CO5,A,C
8Q6I,A,D
3BYT,A,B
9G97,A,B
5F7K,A,C
5F7N,A,C
8EN4,A,C
8EMZ,A,B
8EN1,A,C
6QGW,A,B
6QGX,A,B
8EN2,A,C
8EN3,A,C
5F9A,A,C
5F8R,A,C
9OBN,A,E
8EMY,A,G
8EN5,A,E
6Z1V,A,B
8EN6,A,C
5E5M,A,B
9LME,A,C
7S7R,A,B
9E7O,A,B
9GV3,A,E
9E7N,A,C
8HXQ,A,C
2X89,A,D
5E6U,A,B
1T0P,A,B
3BN3,A,B
5FFG,A,B
1YUK,A,B
7P11,A,B
9YBQ,A,M
3M61,U,P
4OS5,A,B
4W8P,A,B
4OS1,A,B
4OS2,A,B
4OS4,A,B
4OS7,A,B
4OS6,A,B
9Y9W,A,M
1I1R,A,B
2HMH,A,B
3DLQ,I,R
5L04,A,B
6E8K,A,B
1PVH,A,B
1D01,A,G
7S2S,A,B
1D00,A,I
1D0J,A,G
1CA9,A,G
4GHU,A,B
3OG4,A,B
9EZA,A,B
3OG6,A,B
5UWC,G,I
1CZY,A,D
4GS0,A,C
7R8W,A,B
7R8X,A,C
8T5Q,A,G
8CR5,A,B
1JEU,A,B
1JEV,A,B
1JET,A,B
1B5J,A,B
7JLS,A,B
3G6N,A,F
1B4H,A,B
1B5H,A,B
1B40,A,B
3DRF,A,B
1B3L,A,B
1BS6,A,D
1B3H,A,B
1B6H,A,B
1B0H,A,B
1B05,A,B
1B3F,A,B
1B58,A,B
1B5I,A,B
1B9J,A,B
1B4Z,A,B
3DRJ,A,B
1OLC,A,B
1BS8,A,D
1B7H,A,B
5AOX,A,B
9HLO,A,B
1AKH,A,B
1SPP,A,B
1FXW,A,F
2QK7,A,B
5DOB,A,B
4OWP,A,B
6ZM3,AAA,BBB
1YRN,A,B
5GRI,A,B
1Y96,A,B
6G1E,A,B
6L57,A,B
3FP8,E,I
3D4U,A,B
3FP6,E,I
4INH,A,J
3BTK,E,I
3LMS,A,B
3BTF,E,I
3BTG,E,I
3BTH,E,I
3BTQ,E,I
3ZRZ,A,C
3V96,A,B
4C2A,A,B
6MAV,A,B
6G26,A,E
6HPB,A,B
8AN5,A,C
6L8G,A,B
7V5Z,A,C
5YRZ,A,B
6EPG,A,B
4P78,A,C
7V5Y,A,E
6GW6,A,B
6NKL,A,C
6L8F,C,A
6L8E,A,E
4CHG,A,G
5EU0,A,B
4Q2U,A,B
6GTQ,A,C
8YBM,A,B
8YBO,A,B
8YBL,A,B
8YBN,A,B
8YBP,A,B
9TV9,A,C
1OX1,A,B
1P06,A,P
1P02,A,P
1P03,A,P
1P10,A,P
5LPR,A,P
8LPR,A,P
4U2W,B,A
6VJ8,A,B
2PLX,A,B
6XRP,A,B
1DS2,E,I
3H6S,A,E
3JV2,A,C
9RMV,A,C
6JD6,A,B
4JO6,A,Y
2VKN,A,C
8RPP,A,D
2P43,A,B
2P44,A,B
2P47,A,B
2P48,A,B
2P45,A,B
6V6A,A,B
2P42,A,B
2P46,A,B
7LUR,A,C
6A6G,A,C
1H9I,E,I
7CD8,B,A
4GN4,B,A
7CD7,B,A
1H9H,E,I
5D5N,A,B
7DB8,A,B
1SVZ,A,C
3CVI,H,L
4M3K,A,B
1BM3,L,H
3L9R,A,B
1LNU,A,B
1I3R,A,B
2BMK,A,B
5A2J,H,P
9M6J,A,H
9M6O,A,B
1T6V,L,N
1WCB,A,B
3ZL4,H,L
9ZG8,A,B
5HGG,A,S
1R3H,A,B
1JTP,A,L
1CK0,L,H
4BQD,A,C
1V3X,A,B
4BTI,A,B
1MQ6,A,L
1MQ5,A,L
4BTU,A,B
3TK5,A,B
1WU1,A,B
3TK6,A,B
4A7I,A,B
3L3T,A,E
3Q3K,A,B
2D1J,A,B
1B34,A,B
2FKW,A,B
1NKZ,A,B
1D3B,A,B
8U77,A,B
7UHE,A,B
6MIO,A,B
6MIQ,A,C
6MIN,A,B
1A9N,A,B
3ZWL,B,E
1MZW,A,B
4X8N,A,B
5GPY,A,B
1TAF,A,B
3DGP,A,B
2XL2,A,C
7F4A,A,B
4X8P,A,B
7FMI,A,B
1XU1,A,R
1XU2,A,R
6G07,A,P
5NTN,A,P
5NTW,A,P
5NTI,A,P
3PV6,A,B
5X8Q,A,B
4WQP,A,P
6IVX,A,B
4WPF,A,B
4WLB,A,D
3N7Y,A,D
6G05,A,P
6FZU,A,P
5NU1,A,P
7QP4,A,P
3TCG,A,I
2D0N,A,B
3TCF,A,I
3THK,A,C
1SSH,A,B
1SEM,A,C
4IIO,A,C
2DRM,A,E
3TD5,A,I
7PVT,A,B
4HVV,A,B
4RTV,A,B
4RTY,A,B
4F14,A,B
5OB2,A,B
2V1R,A,P
1CKA,A,B
7PVX,A,B
6A9C,A,E
2AK5,A,D
4RTW,A,B
5U06,A,L
5TYI,A,L
5EEL,A,L
5EEQ,A,L
5U1Q,A,L
3PQZ,A,L
3N84,A,G
1JYQ,A,H
1ZFP,E,I
1P13,A,C
1JYR,A,L
6KC4,A,B
1LKL,A,B
6DM4,A,E
3N8M,A,B
1LKK,A,B
2HDX,A,G
1TZE,E,I
3L4Q,A,C
2QGF,A,B
1D09,A,B
1TUE,A,B
4FYV,A,B
2FZC,A,B
8ATC,A,B
4FYW,A,B
2DZN,A,B
1TUG,A,B
1Q95,A,G
1F1B,A,B
1RAA,A,B
1RAB,A,B
1RAC,A,B
1ZA1,A,B
2IZX,A,C
1RAE,A,B
1RAG,A,B
1RAH,A,B
1RAI,A,B
4FYX,A,B
4F04,A,B
2H3E,A,B
1R0C,A,B
2HWN,A,E
1I8M,A,B
1UZ8,A,B
1MLB,A,B
1DQM,L,H
1DQQ,A,B
3SGD,I,H
1M7I,A,B
1M7D,A,B
4CQX,A,B
4CQY,A,B
4CQW,A,B
7W1S,A,B
3EYK,A,B
5VMC,A,B
3UBJ,A,B
5VMF,A,B
5VMG,A,B
1RVX,A,B
2GHW,A,B
7VOA,A,B
3UBQ,A,B
1B27,A,D
1B2U,A,D
1B3S,A,D
1B2S,A,D
1X1U,A,D
1X1X,A,D
3DA7,A,C
1X1W,A,D
1X1Y,A,D
2ZA4,A,B
1AY7,A,B
6PQK,A,B
7MRX,A,B
5FWY,A,B
6HY7,A,B
7F86,C,A
2BR8,A,F
8BHG,A,B
5JME,A,F
7N0W,A,G
9MUL,A,B
9MUM,A,B
1OVL,A,B
7TXF,A,F
2BYP,A,F
2R40,D,A
4EZ1,A,K
5KDT,A,B
5KCJ,A,B
4PD1,A,C
5H8Q,A,B
5H8F,A,B
5I2N,A,B
5TP9,A,B
1QS7,A,B
1VRK,A,B
1IQ5,A,B
1QTX,A,B
5CP0,A,C
2OLB,A,B
1B2H,A,B
1B32,A,B
1B46,A,B
6DQQ,A,B
6DQR,A,B
6DQT,A,B
1QKB,A,B
2O5G,A,B
1V6D,A,B
5JF0,A,D
5JEZ,A,D
1CDM,A,B
1CM1,A,B
1CM4,A,B
9RV5,A,B
6XCI,A,H
5AEI,A,D
1IWQ,A,B
6GB6,A,B
6L9K,A,Q
3FRU,A,B
3P73,A,B
3P77,A,B
1KTD,A,B
6A97,A,B
9EB2,A,B
9EB4,A,B
1HDM,A,B
6LT6,A,B
9EB3,A,B
4S0U,A,C
6C97,A,B
6LB2,A,B
3JVG,A,C
6LAH,A,B
6LAM,A,B
2BC4,A,B
1U58,A,B
5C9J,A,B
4WC8,A,B
3ERY,A,P
3IM4,A,C
5HVZ,A,C
4RIQ,A,C
9EEH,A,B
7RNU,A,B
5HQ8,A,I
4RT4,A,E
2WIU,A,B
5JJA,A,C
6GU6,A,B
3REA,A,B
2DVW,A,B
3BLH,A,B
3AJI,A,B
8S3R,A,B
9L3R,A,B
7JIS,A,B
2DWZ,A,B
7RNS,A,B
3FHI,A,B
6U54,A,B
6APP,A,B
6U52,A,B
6U55,A,B
7LVW,A,G
7N0R,A,C
6PCU,A,B
7N0I,A,I
4IOS,A,D
7PA6,KKK,AAA
6H6Y,A,E
7RK1,A,C
6JP7,H,L
4HEM,A,E
7DET,A,B
7DEU,A,B
7UCE,L,H
7DEO,A,B
6CBP,P,A
5WN9,H,A
7R73,G,A
7PS3,H,L
8PFD,A,B
8J4A,A,B
8JTK,B,A
8JTL,A,C
6QTA,A,B
3P72,A,B
6QTB,A,B
8QL1,A,B
7S48,A,B
7S46,A,B
9HLL,A,B
8V9Q,A,D
7BV7,A,C
4G59,A,C
4P5M,A,B
2WY3,A,B
1LQV,A,C
5DMK,A,B
6C99,A,B
5DFW,A,H
4PP8,A,C
6EJM,A,H
3T8X,A,B
3JTC,A,C
1OQO,A,C
1L6X,A,B
4ZNE,A,E
3AY4,A,C
4W4O,A,C
3SGK,A,C
3SGJ,A,C
6EAQ,A,C
5U52,A,E
5VU0,A,C
5M3V,A,B
5XJE,A,C
8DIN,A,C
8DIR,A,C
5XJF,A,C
8DJ7,A,C
1KEG,L,H
7URU,A,C
1MNU,L,H
1PXV,A,C
2CIO,A,B
1Y4H,A,C
2OUL,A,B
3IMA,A,B
3E1Z,A,B
1PIP,A,B
3KFQ,A,C
7JR2,A,G
7JR1,A,G
2NQD,A,B
6EAX,A,I
3CBJ,A,B
3BPM,A,C
3F75,A,P
3KSE,A,D
5PAB,H,L
5PAE,A,B
5PAI,A,B
9PUE,A,P
9PPP,A,P
2YMT,A,B
9DDT,A,B
1KYD,A,P
4IKN,A,B
1KY6,A,P
1KY7,A,P
1KYF,A,P
7OHI,A,B
1KYU,A,P
1I31,A,P
3ZHF,A,B
3HS8,A,P
2IV9,A,P
3O2H,A,B
3G19,A,C
3H1Z,A,P
3GQ1,A,C
7OIQ,AAA,CCC
3GW1,A,C
5M5R,A,C
3HS9,A,P
3G3P,A,D
2R0Y,A,B
6FPG,B,D
6P6E,A,B
4NFU,A,B
6P6A,B,A
1YAG,A,G
1YVN,A,G
3BUW,A,B
2FCW,A,B
6IWB,A,B
1MZN,A,B
5MJ5,A,B
5MKJ,A,B
5MKU,A,B
4ZRP,A,C
7NAM,A,B
3OZJ,A,B
2P1T,A,B
2P1U,A,B
3FUG,A,B
2P1V,A,B
3E94,A,B
3OAP,A,B
6HL0,A,B
3PCU,A,B
4K6I,A,B
4K4J,A,B
4M8E,A,B
5MK4,A,B
3KWY,A,B
7NKE,A,B
4M8H,A,B
4RWF,A,B
3H3G,A,B
6V2E,A,B
3C4M,A,C
2VLM,D,E
5EMB,A,B
4Z8J,A,B
5F8T,A,P
5F8Z,A,B
5MHL,A,K
5MHN,A,H
9VWT,A,B
5F8X,A,B
5MHM,A,H
2WOK,A,B
3QN7,A,B
4KTY,A,C
4X6N,A,H
6JEZ,A,C
5NPJ,A,D
5NPI,A,D
2XV6,A,B
2IWG,A,B
2XT1,A,B
7D2Z,A,B
8V8F,A,E
3UZQ,A,B
7EFR,A,B
1PQZ,A,B
6L1Y,A,C
5M2I,A,G
5M2M,A,D
5M2J,A,D
4QO1,A,B
3GXU,A,B
3POA,A,B
1YJM,A,E
6HC0,A,B
6HC1,A,C
3UNN,A,B
1G6G,A,E
2W3O,A,C
2PIE,A,F
8WWY,A,B
5YYZ,A,B
3K05,A,C
5W7Y,A,C
5W7X,A,E
7QCR,A,C
6M64,A,B
6A33,A,I
5JEK,A,C
9QJZ,A,C
5JEM,A,C
5JEO,B,A
5JEJ,C,A
9VEH,A,B
9VE3,A,B
5D1M,A,B
6MWZ,A,M
4NG2,A,E
8A5B,A,E
3K24,A,C
2OXW,A,X
8B2N,A,B
8HE0,A,B
8HE3,A,B
1H2L,A,S
3HQU,A,S
1H2K,A,S
3HQR,A,S
5L9V,A,C
5LAS,A,C
1H2M,A,S
5L9B,A,C
5JWP,A,B
2ILM,A,S
3UTZ,A,B
1FNG,A,B
1FNE,A,B
4GKZ,A,B
4F7E,A,B
6MFG,A,E
1ONQ,A,B
6BLR,A,B
9RIT,A,C
5E1H,A,B
4NBX,A,B
7TH3,A,B
5JA8,A,B
5L21,A,B
7TGI,A,B
4NC2,A,B
1MVF,A,D
7TGF,A,B
4NBZ,A,B
8WEO,A,C
6UC6,A,C
5U4M,A,B
5JA9,C,A
7TH2,A,C
5U4L,A,B
4Z9K,A,B
9F79,A,C
5YT0,A,B
3WY9,A,C
5ONS,A,B
6MS4,A,B
1IJE,A,B
2B7C,A,B
1F60,A,B
1G7C,A,B
3A1P,A,B
5O8W,A,B
8PUT,A,E
6SJ5,A,C
3A1Y,A,G
3A5Z,A,B
5NVM,A,B
5NVL,A,B
1PUU,A,B
2JGC,A,B
5XLN,A,B
1ZAW,A,U
2JGB,A,B
1ZAV,A,U
6FC3,A,B
1ZAX,A,U
1Q4K,A,D
4DFW,A,D
1UMW,A,E
3FVH,A,B
3C5L,A,B
4O6W,A,C
4O56,A,B
7MSO,A,E
4O9W,A,B
4WHK,A,B
4WHH,A,B
3RQ7,A,B
7MX1,A,C
8JOQ,A,B
4E67,A,B
3BZI,A,E
5J19,A,C
5NFU,A,C
3Q1I,A,E
5DNJ,A,B
1R4P,A,B
3NVN,A,B
3NVQ,A,B
3OKY,A,B
3HM6,X,C
3Q3J,A,B
2REX,A,B
7VF3,A,B
7VG7,A,B
6GH8,B,A
6TJT,A,D
6TDB,A,F
4GFU,A,F
3H3B,A,C
1FYR,A,I
6LBX,A,B
5MY6,A,B
5TQS,A,E
1MFG,A,B
1MFL,A,B
3BUX,A,B
7P5U,AAA,CCC
8PFE,A,B
6Y6C,A,C
7JJC,A,E
9EOU,A,P
1MK7,A,B
2BRQ,A,C
4HXJ,A,C
2JF1,A,T
3ZKE,A,B
2BKK,A,B
3VQH,A,B
5UZK,A,I
6FRX,A,B
6QJ7,A,B
4UJ1,A,B
4UJ2,A,B
3P0M,A,B
3OXT,A,B
3AMB,A,B
3AMA,A,B
3L9L,A,C
3OOG,A,B
3OWP,A,B
4UJ9,A,B
4UJA,A,B
3POO,A,B
5BX7,A,B
3OVV,A,B
4UJB,A,B
3L9M,A,C
4RHZ,A,B
2RET,A,B
2HSN,A,B
2HRK,A,B
1RSC,A,I
8PP4,A,G
3MG9,A,B
5M4Y,A,B
2AHK,A,B
2AHL,A,B
1WXC,A,B
4WXA,A,D
4WW9,A,B
3AWU,A,B
3AWY,A,B
2ZMX,A,B
5MR5,A,C
5MR4,A,C
6EJA,A,B
8W5Z,A,B
6EJ9,A,B
6EJE,A,B
6EJC,A,B
6EJ8,A,B
6EJ7,A,B
8E07,A,B
8E08,A,B
9O1Y,A,B
9O26,A,B
9O2D,A,B
9O2F,A,B
9O2J,A,B
9O1R,A,B
9O1T,A,B
9O29,A,B
9O2H,A,B
9O2K,A,B
9O1V,A,B
9O1W,A,B
9O1Z,A,B
1F6F,A,B
7SZT,A,E
6MOE,A,C
7MMS,A,E
6MOI,A,B
6MOJ,A,B
7MMQ,A,E
7S96,A,B
7S97,A,B
7O1F,A,J
7LKY,A,I
1AXI,A,B
2QWN,A,B
2QWQ,A,B
2QWR,A,B
2QWO,A,B
2QWP,A,B
1US7,A,B
3CQX,A,C
4PSI,A,D
4DRI,A,B
4DRH,A,B
4DRJ,A,B
7FBP,A,B
3HK3,A,B
5N48,A,B
4JEG,A,B
2FGR,A,B
7P1C,A,B
7NRE,A,C
7NRF,A,B
4Q35,A,B
4XGA,A,B
9FZC,A,C
4DCB,A,F
3QRX,A,B
4JML,A,E
9V99,A,I
2GSK,A,B
8AHT,A,F
2W80,A,C
4QLP,A,B
7P93,A,B
8TGY,A,C
2W81,A,C
2HDI,A,B
4AYD,A,C
6D40,A,C
6D3X,A,C
6D3Y,A,C
6D3Z,A,C
7E50,A,B
6Q1U,A,C
4M92,A,B
7B2I,A,C
7XMN,A,B
5NAS,A,C
1P4U,A,B
5ELQ,A,C
7DHG,C,B
7PG6,A,B
4JPS,A,B
8T5P,A,G
1BZX,E,I
1T7C,A,B
1T8L,A,B
1T8N,A,B
1T8M,A,B
1T8O,A,B
1P2O,A,B
1P2M,A,B
4BNR,A,I
3BTW,E,I
1P2J,A,I
3BTD,E,I
2RA3,A,C
1P2I,A,I
1P2K,A,I
1P2Q,A,B
3U3W,A,P
2Q0O,A,C
3ECH,A,C
3ZQG,A,C
3ZQH,A,C
3ZQI,A,C
1B0N,A,B
4AWX,A,B
4YV9,A,E
6F8S,A,B
7N1N,A,B
1MNM,A,C
6S8R,A,B
7N10,A,B
9SF2,A,B
2EJF,A,C
9CHL,A,B
4WKM,A,I
4MCX,A,B
4CFN,A,B
1E9H,A,B
1H1S,A,B
1P5E,A,B
4EOR,A,B
1H1P,A,B
1H1Q,A,B
1H1R,A,B
1PKD,A,B
4EOL,A,B
5CYI,A,B
4EON,A,B
4EOP,A,B
4BCK,A,B
4CFW,A,B
6SG4,A,B
2CJM,A,B
1FIN,A,B
6GVA,A,B
4CFV,A,B
2IW9,A,B
2IW8,A,B
4EOJ,A,B
4EOO,A,B
4EOM,A,B
7Q83,A,B
2C5K,P,T
2C5I,P,T
3ONL,A,C
6L03,A,F
1JTH,A,B
1XTG,A,B
2CJS,A,C
1PCX,A,B
4JEH,A,B
5F4E,A,B
4J79,A,B
3FIE,A,C
5JBV,A,B
3DDA,A,B
3DDB,A,B
5J8P,A,B
4B93,A,B
4TXQ,A,C
6JLH,A,B
3FII,A,B
8IJ9,A,C
4J2C,A,B
8WHM,A,B
2BBA,A,P
6NK2,A,C
6RW2,A,B
6NK1,A,C
6NK0,A,C
6NKP,A,C
6NJZ,A,C
7BHF,A,B
8J1I,8,H
7BHE,A,B
1UEF,A,C
7N3T,A,C
1DP5,A,B
1G0V,A,B
1DPJ,A,B
3APR,E,I
1F34,A,B
3EMY,A,B
4APR,E,I
4GYE,A,C
1FIV,A,B
5APR,E,I
1IZE,A,B
4GZF,A,C
3LIY,A,I
7HVP,A,C
1U8G,A,I
2MIP,A,E
1CZI,E,P
9CT1,A,B
1GVX,A,I
2FIV,A,I
3FIV,A,I
8HVP,A,I
2ER7,E,I
7TZK,A,C
1DS6,A,B
3U7D,A,B
7Y4A,A,B
6II6,A,C
2J59,A,M
1G4U,S,R
1CXZ,A,B
6IF2,B,A
1Z0K,A,B
4DID,A,B
1Z0J,A,B
6IF3,A,B
7Q43,A,B
8I5W,A,B
8I5V,A,B
7E1T,A,C
2VRW,A,B
1HE1,A,C
2FJU,A,B
3DOE,A,B
3LWN,A,F
3SRJ,A,C
3ZWZ,A,B
2PC4,A,H
8PWV,A,B
8PWW,A,B
4Z80,A,C
2Z8W,A,C
2Z8V,A,C
1XDH,A,C
7JZK,A,B
9HZK,B,A
9HZJ,B,A
1M43,A,C
4YIZ,A,B
3FJU,A,B
4CBU,A,G
6I4K,A,G
6I4F,A,G
6I4L,A,G
5MVV,A,G
6I4H,A,G
6I4J,A,G
1XB0,A,G
1OXQ,A,F
6XY4,A,B
5TZQ,A,C
7P0U,A,C
4OYD,A,B
5VMO,A,B
2WH6,A,B
9UGP,A,B
6TRR,A,B
1OXN,A,F
3PK1,A,B
7ADT,A,C
1TW6,A,C
5WOS,A,B
5TZP,A,B
9LI8,A,B
1TY4,A,C
7QTW,A,B
8GSV,A,B
4G35,A,B
3IO8,A,B
3OA6,A,G
5JJZ,A,B
6V41,AAA,QQQ
4MN3,A,B
5EPJ,A,B
4X3K,A,C
4NW2,A,B
8XAG,A,C
3G7L,A,P
7VYW,A,B
1PFB,A,B
3QO2,A,P
3R93,A,E
6MHA,A,B
4X3S,A,C
6ASZ,A,P
6AT0,A,P
3TO6,A,B
3SVM,A,P
3DM1,A,B
6D07,A,C
6D08,A,C
5EPL,A,C
4MJS,A,B
4LX2,A,B
4UN2,A,B
7BWT,A,B
4N3Y,A,B
8ALK,A,B
3SFV,A,B
1GCQ,A,C
5WPM,A,B
2W83,A,C
1X79,A,B
5WHB,A,B
3DDC,A,B
6GVK,A,B
6GVL,A,B
4HKC,A,B
4JE4,A,B
1IR3,A,B
2Q0N,A,B
4JDH,A,B
4JDJ,A,B
4JDK,A,B
3VIV,A,C
4JDI,A,B
2V1Y,A,B
6PW8,A,B
3BU3,A,B
4DC2,A,Z
5U1M,A,B
3BU6,A,B
7FAB,L,H
7TUH,A,B
1T2Q,L,H
1JPT,L,H
3OKK,A,B
3C5S,A,B
3OKD,A,B
2FB4,L,H
6UG8,L,H
2IPT,L,H
1YRT,A,B
1YRU,A,B
1ZOT,A,B
8KA0,A,B
6IMF,A,B
2COL,A,B
5KBN,A,C
4IGL,A,B
1B1H,A,B
1B3G,A,B
1B51,A,B
1B52,A,B
2P24,A,B
6BLQ,A,B
6BLX,A,B
6TDR,A,B
4ZOX,A,B
4NUT,A,B
1NMU,A,B
5TQB,A,B
3IMQ,A,J
3CJS,A,B
4ODN,A,B
5YV5,A,B
3W1Y,A,C
3CJR,A,B
7JVS,B,C
8HTD,A,B
4ODM,A,E
3D3B,A,J
7OXG,A,C
5WXL,A,B
4BXF,A,C
5TO3,A,B
8ET0,A,C
6N9J,A,C
4JJE,A,B
2J30,A,B
2J31,A,B
2J32,A,B
2J33,A,B
4HVA,A,C
1F1J,A,C
3ITN,A,B
3PD1,A,B
4QTY,A,F
3PCX,A,B
3PD0,A,B
5IBR,A,B
4QUD,A,C
4QUL,A,F
4EHA,A,B
4EHK,A,B
4EHL,A,B
1CP3,A,C
4JR0,A,C
4JR2,A,C
4JR1,A,C
4QU8,A,F
4QUA,A,D
5CJB,A,B
4BT9,A,C
9HRE,A,E
9HPQ,A,E
9H3D,A,D
4LOR,A,B
9XHR,A,C
4FVL,A,C
3POB,A,B
5YAH,B,C
5Y9W,A,C
7V8E,A,C
6TME,A,C
1A4Y,A,B
5IXT,A,B
8WEE,A,B
4QXF,A,C
6JBU,A,B
4LXR,A,J
4YJL,A,G
7R86,A,C
5B4P,A,B
7QTP,A,B
2V9T,A,B
8GH7,A,D
4G8A,A,C
8S1R,AAA,EaE
7MLM,A,C
4J4L,A,C
3VQ2,A,C
4WN2,A,D
5ZRZ,A,B
2WO3,A,B
2VSM,A,B
4UF7,A,C
2WO2,A,B
1SHW,A,B
4W4Z,A,E
5JR2,A,E
4W50,A,E
2QBX,A,D
8EBL,A,C
1SMP,A,I
6IXX,A,I
1JIW,P,I
6U12,A,B
2BHD,A,B
1KUI,A,B
1KUK,A,B
1KUG,A,B
3C8A,A,B
3C8B,A,B
3NF3,A,C
3C89,A,B
3DS9,A,B
3QW7,A,B
3QW8,A,B
3QW5,A,B
3QW6,A,B
4OYK,A,C
6SC5,A,B
6SC6,A,B
4OWF,A,G
6SC8,A,B
6SC9,A,B
6FNO,A,C
6FNN,A,C
8EHZ,C,A
5YWR,A,B
6NSV,A,C
8EI0,A,B
6CRN,A,E
8F16,A,C
7TB1,A,C
3D32,A,C
8F15,A,D
8F17,A,C
7UYJ,A,C
9DNQ,A,C
6DO5,A,C
4XI7,A,C
4XIB,A,C
6Y0A,A,B
6HC8,A,E
7OR3,A,B
7OR5,A,B
7OR7,A,B
4XL1,A,B
8X7E,A,B
9XMJ,A,B
4WM0,A,D
1YP0,A,B
4WMI,A,D
4WMK,A,D
1YMT,A,B
1ZH7,A,C
4OAR,A,B
3CKI,A,B
4WMA,A,D
4WMB,A,D
6R8I,A,B
4V0V,A,B
4V0W,A,B
4V0X,A,B
6VRO,A,B
7QFB,A,B
4WSF,A,B
3ULQ,A,B
4XPN,A,B
4DS8,A,B
5XW5,A,C
1N6J,A,G
2XCB,A,C
2HJ9,A,C
4MP0,A,B
4MOY,A,B
6DU2,A,C
4LRZ,A,E
9TL4,A,B
8C1L,A,D
5Y7W,A,C
4E2J,A,C
1PZL,A,B
2YJD,A,C
9EBL,A,C
5X8U,A,B
5X8W,A,B
1OJ5,A,B
7A79,A,C
9ECF,A,C
7RAF,A,D
7RAE,A,D
8GL7,A,D
3GN8,A,C
5Q17,A,B
4RFW,A,G
1J19,A,B
4DJ9,A,B
2J12,A,B
3ZDL,A,B
9HFV,A,B
3BDW,A,B
4X6E,A,B
6BX8,A,B
4BD9,A,B
1CO7,E,I
1BRB,E,I
2VSL,A,B
4Y0Y,E,I
4Y0Z,E,I
4Y10,E,I
4Y11,E,I
1YLC,A,B
3TGK,E,I
1F5R,A,I
1YLD,A,B
5HXG,A,B
6Q36,A,C
2GIA,A,B
8C17,A,B
9QKQ,A,C
6SEN,A,L
5VAP,A,C
4YNL,A,C
5JP4,A,B
5J3Q,A,B
6E5X,A,B
6GEG,A,L
6GEK,A,L
6GE4,A,L
6GE5,A,L
6GEE,A,L
6GEC,A,L
2FTL,E,I
3TW8,A,B
4QXA,A,B
4D0G,A,C
3TKL,A,B
6YX5,A,B
6SQ2,A,D
1TU3,A,F
3TNF,A,B
5WHA,A,B
5SZH,A,B
3BC1,A,B
4KJY,A,B
5DC0,A,B
5DC4,A,B
5DC9,A,B
2JJS,A,C
2JJT,A,C
4CMM,A,B
2NS1,A,B
2NUU,A,G
7UCC,F,J
5OVO,A,B
3O5T,A,B
4LZX,A,B
3G43,A,E
4M1L,A,B
7V9B,A,B
3N5B,A,B
5BN3,A,B
5ZE9,A,D
2YGG,A,B
5NIN,A,C
7VVH,A,C
7W5M,A,B
6MM6,C,D
2QCS,A,B
6MM8,C,D
6Y4O,A,B
6MM5,E,C
6Y4P,A,B
7KL5,A,B
1EMT,L,H
3BPC,A,B
2R2B,A,B
6IDH,L,H
2R23,A,B
3VW3,L,H
2Z93,A,B
1JGV,L,H
6IDG,L,H
2R1Y,A,B
1JGU,L,H
2R1X,A,B
1UM6,L,H
3BTT,E,I
5VS7,A,P
4QC3,A,C
4QBM,A,C
4QC1,A,D
9NN3,A,C
6XBE,A,F
6XBF,A,F
2WP2,A,P
2WP1,A,P
9NN4,A,D
6U61,A,D
8DNQ,A,C
6U71,A,B
4Q6F,A,F
9MPG,A,E
6WNK,A,H
9MPH,A,E
7JX7,A,B
8B5A,A,B
7EKN,B,A
1Q2D,A,B
4YYG,A,B
5H6Y,A,B
6YX7,AAA,BBB
1URL,A,B
3UBE,A,B
6MEW,A,B
3TWS,A,E
3TWT,A,E
3TWV,A,E
5CER,A,B
5CEC,A,B
5CED,A,B
5YBU,A,B
3TWR,A,E
3TWW,A,C
6X23,A,B
5W7I,A,B
5W7J,A,B
3TWX,A,C
5W2J,A,F
8SR6,A,B
3V31,A,B
5YAY,A,B
3V30,A,B
6YX2,A,C
6YX0,A,C
7A00,A,C
3UXG,A,B
3FPN,A,B
1F3U,A,B
2RHK,A,C
4O45,A,B
4I32,A,C
7YTT,A,B
7YTU,A,B
4M44,A,B
4JYV,H,L
4JYU,H,L
5L2Y,H,L
5L2Z,H,L
5L30,H,L
5L0S,A,B
5KXH,A,B
5KY2,A,B
5KY3,A,B
5F86,A,B
5F85,A,B
5F84,A,B
5XBF,A,B
5MV8,A,B
3V9Y,A,B
4F9M,A,C
5Z6S,A,C
3V9V,A,C
3V9T,A,C
3B1M,A,B
4NXR,A,B
1M3D,A,C
2E2D,A,C
8JUD,A,B
8JUG,A,C
8JUF,A,B
4ILW,A,D
7WXX,A,B
4IN9,A,B
8UF4,A,B
6TUV,A,D
6TXB,A,D
3TMP,A,B
4O8X,A,B
4O8Y,A,B
7Q44,A,B
8BS3,A,B
5W83,A,B
5OK6,A,C
8BS9,A,B
4M0W,A,B
9DEK,A,C
4KG9,A,B
9DEL,A,C
9DEM,A,G
4KSK,A,C
4PQT,A,B
6CPM,C,E
2XXN,A,B
7OJE,A,B
4JJQ,A,B
5WHE,A,B
4DXA,A,B
4OH8,A,B
5IMK,B,A
5IML,A,B
1DU3,A,D
1D0G,R,A
1D4V,B,A
4MSV,B,A
3K51,A,B
5C3F,A,B
1T7R,A,B
6WH0,A,B
5JSN,A,B
7Y90,A,B
9Z3V,A,C
7XGE,A,B
9CDT,A,B
6MBE,A,B
7M5B,A,B
7UJT,A,B
7UJQ,A,C
2CWG,A,D
2DS8,A,P
7K9N,A,B
7K9O,A,B
7JTY,A,B
7K9Q,A,B
2VUT,A,I
7KB6,A,B
1EJM,A,B
7KB8,A,B
7K9T,A,B
5HJO,A,B
1MOX,A,C
3ENS,A,B
9Q8O,A,B
4AIF,A,D
1AWI,A,P
1CF0,A,C
1NF3,A,C
2V8C,A,C
5XUY,A,B
5C50,A,B
5XV6,A,B
3GCG,A,B
2OT0,A,E
1CJF,A,C
3AA7,A,B
8DO8,A,B
3NMX,A,D
5I7Z,A,B
7XTY,A,C
4YC7,B,A
4CGQ,A,Q
3TJW,A,B
3TRV,A,B
5BRK,A,B
1E96,A,B
2WM9,A,B
1IZN,A,B
5AJP,A,B
9BTS,A,a
2QOS,C,A
2RD7,A,C
1GHQ,A,B
9Y6C,A,B
6XZU,A,B
2WY7,A,Q
4K12,A,B
2WY8,A,Q
2XQW,A,C
3OXU,A,D
4ONT,D,A
4ZH1,A,D
3RJ3,A,D
6JV7,A,B
7AD7,A,C
9N1Z,A,B
8CN6,A,G
6RMU,A,C
8SM0,C,G
2AIR,A,B
8TGE,A,G
4QQI,A,X
4ROE,A,B
4ROC,A,B
5FV8,A,D
2FZG,A,B
2FZK,A,B
5FQ2,A,B
9JGL,A,C
6KZG,A,C
6A5Q,A,D
6Y3M,A,P
1QJA,A,Q
5ULO,A,C
9QNL,A,B
2C63,A,P
8QSG,A,H
8QSD,A,H
8QSH,A,H
6TCH,B,A
8ANC,A,P
8QSB,A,H
8QSC,A,H
8QSE,A,H
8QSF,A,H
6BD1,A,C
8QS3,A,K
6BCR,A,C
8Q55,A,P
8QS8,A,P
7QI1,A,E
8QS5,A,P
8QSA,A,P
5MFI,A,C
5MFJ,A,C
5MFK,A,C
4D49,A,C
5MFF,A,E
5MFG,A,E
5MFH,A,E
5MFE,A,E
3UKW,B,C
3UKX,B,C
3L3Q,A,B
9Y7K,A,B
9YY4,A,B
1EE5,A,B
20ZE,B,A
5H2W,A,B
9MKA,B,E
23QH,E,A
5H2X,A,B
5B56,A,C
4BA3,A,B
3OQS,B,A
5MFC,A,B
21AI,C,A
1CDL,A,E
8BAV,A,C
8QYU,A,G
2BCX,A,B
1L7Z,A,B
6J56,A,C
2F3Z,A,B
2F3Y,A,B
6JJZ,A,C
6V63,Y,A
7ZIT,A,C
4JC3,A,B
9M0O,D,A
4JDD,A,B
6OX3,Y,A
6OX4,Y,A
8PPZ,A,B
5UFS,A,C
6GGG,A,B
7BRI,A,L
7YXD,A,C
6W9M,A,B
7YXN,A,R
7YXR,A,R
4OD7,A,D
1VWR,B,P
1VWI,B,M
2CV3,A,B
6E5M,A,I
6EAT,A,I
6MRQ,A,I
1G9I,E,I
1H9L,A,B
1GVK,A,B
4Z0D,A,C
4Z0E,A,C
4Z0F,A,C
1EVH,A,B
7D2S,A,B
2VZD,A,C
1JTD,A,B
2VZG,A,B
2VZI,A,B
4Z09,A,C
7D2T,A,B
3MAT,A,I
4HI8,A,B
3F6Q,A,B
4HI9,A,B
3RQG,A,E
3IXE,A,B
9F6S,A,B
1JTG,A,B
2B5R,A,C
7OB5,A,P
2ARR,A,P
2ARQ,A,P
4JK6,A,B
3OY6,U,P
4JK5,A,B
3OX7,U,P
3OY5,U,P
4GLY,A,B
5LHR,A,B
6A8N,A,C
4X1Q,P,U
2NWN,A,B
7ZRT,A,B
4X1R,P,U
4X1S,P,U
7SCS,A,B
7S4N,A,B
5YD4,A,B
5YD5,A,B
5YD3,A,B
2NZ1,A,D
7S58,A,E
7S59,1,2
7P8X,A,M
5UIW,A,B
3FPU,A,B
8QFZ,A,B
6K3F,A,U
2V3S,A,C
6Q0N,A,C
8CZ9,A,C
8SGF,A,Y
6J0X,A,E
3IVV,A,D
7JYA,A,D
3IVQ,A,C
6CCU,A,B
6CDC,A,C
6DN6,A,B
6CCT,A,B
6CDG,A,B
6CD8,A,C
6WZZ,A,B
6CD9,A,B
6WZX,A,C
6DN5,A,B
8RBH,A,C
5ZB2,A,B
7QQY,A,B
6DN7,A,B
6DO3,A,C
5SXP,A,F
1FS1,A,B
1ELW,A,C
1ELR,A,B
3CVP,A,B
1FCH,A,C
3CV0,A,B
4AM9,A,B
3CVL,A,B
3CVN,A,B
4APO,A,D
5M72,A,B
3FWV,A,C
6HPG,A,a
3UPV,A,B
4WNE,A,B
8HQX,A,B
2YNN,A,P
5LYN,A,C
5WRV,A,B
4KYO,A,B
3RCZ,A,B
6GUM,A,B
9QN5,A,B
6CWY,C,D
1Y8Q,A,B
4W5V,A,B
3ONG,A,B
7P99,A,C
7ZJU,A,B
7ZJV,A,B
1KPS,A,B
2PE6,A,B
9GNN,A,C
7R2E,A,C
1EUV,A,B
2IO0,A,B
5ELJ,A,B
2GRO,A,B
2GRN,A,B
2GRP,A,B
2GRQ,A,B
2GRR,A,B
4I31,A,C
4I33,A,C
1DY9,A,C
1DY8,A,C
4A1V,A,C
1JXP,A,C
3P8O,A,C
3P8N,A,C
1DXP,A,C
4A1X,A,C
1W3C,A,C
6N4N,A,C
3W19,C,D
2OEI,A,B
2HO2,A,B
2I04,A,C
1WBP,A,B
2ITK,A,B
2Q5A,A,B
7O3B,A,G
6JJW,A,U
8EI4,A,B
1F8A,B,C
3EWF,A,I
1EG4,P,A
7YKG,A,B
7YKI,A,B
7YKH,A,B
6KKG,A,C
6JJX,A,C
7YKF,A,B
1H0I,A,C
8EI7,A,C
6O34,A,B
6O33,A,B
6JJY,A,U
1MEL,A,L
1JTO,A,L
8EZL,A,H
8EZM,A,H
1JTT,A,L
1N4X,L,H
5VXM,A,B
1XF2,A,B
1P7K,A,B
1SQ2,L,N
1DZB,A,X
5VXJ,A,B
2I26,N,L
1DL7,L,H
8G0I,A,D
1EHL,L,H
2I25,N,L
1JYO,A,E
6NJD,A,B
4GF3,A,B
3TL8,A,B
4FBJ,A,B
4F8C,A,B
8ST9,A,B
2NUD,A,C
9JTA,B,C
8ST8,A,B
5U4Y,A,C
6ACI,A,H
4U5W,A,B
3RC4,A,B
6AZP,A,B
5UZU,B,A
9Y58,A,B
8HTC,A,B
8HTE,A,B
7T1V,A,B
7N4N,A,D
9FID,A,D
7F1G,A,D
9FIE,A,B
6HLE,A,B
6HZA,A,B
8B4X,A,B
5W89,A,B
5W8F,A,B
4ZEQ,A,B
4HW4,A,C
2PQK,A,B
3KZ0,A,C
6UA3,A,B
6UAB,A,B
5UUM,A,C
6VBX,A,B
4QVE,A,B
4BPJ,A,D
2YJ1,A,B
4QVF,A,B
5UUK,A,B
3KJ0,A,B
3KJ2,A,B
3KJ1,A,B
5B1Z,A,C
1N7M,H,L
1AJ7,L,H
1YEI,L,H
1YEK,L,H
9EZU,A,B
1YEJ,L,H
1KN2,L,H
1KN4,L,H
6HAR,A,E
7MRK,A,B
4TY6,A,H
6DBF,A,B
5Q0F,A,H
5QQO,A,H
6DBG,A,C
6WY7,A,B
3ZS0,A,C
4C1M,A,C
1RST,B,P
1RSU,B,P
1VWB,B,P
1VWF,B,P
1SLD,B,P
1VWN,B,P
1VWG,B,P
1VWM,B,P
1SLE,B,M
1VWC,B,P
1VWO,B,P
1VWH,B,P
1VWD,B,P
1VWP,B,P
1VWJ,B,M
1VWA,B,M
1STS,B,M
1VWE,B,P
1SLG,B,M
1STR,B,M
1VWQ,B,P
1VWL,B,M
1VWK,B,M
6G0Q,A,B
7Q5U,AAA,GGG
4ASQ,A,P
4ASR,A,P
5PAT,A,B
5PAV,A,C
1TAW,A,B
3JQ5,A,B
7WFY,C,A
3JQL,A,B
5ONP,A,B
1AQC,A,C
3URI,A,B
3URL,A,B
5TSX,A,M
4LP9,A,I
6NPO,A,C
4GVC,A,B
4GVD,A,C
3B3Q,A,E
1DFJ,E,I
4PEQ,A,B
2Q4G,X,W
1Z7X,X,W
2BEX,A,C
3TSR,A,E
4PER,A,B
2O3B,A,B
4U3X,A,B
1RI8,A,B
1RJC,A,B
1ZV5,L,A
4N1E,A,I
1XFP,A,L
4I0C,A,C
1ZVH,L,A
1OP9,A,B
2Q76,A,B
1ZVY,A,B
3EBA,A,B
6JB2,A,B
6JB5,A,B
8VWO,A,B
8FTQ,A,C
4Y7O,A,C
3M91,A,B
4Y7M,A,C
7K2O,A,P
7K2P,A,P
7K2M,A,P
7K2I,A,P
7K2F,A,C
8EHV,A,P
9QDU,A,B
5X54,A,C
7K2N,A,P
7K2S,A,P
7K2G,A,P
7K2H,A,P
2F4M,A,B
6FMQ,A,D
6T7Z,A,B
7K2R,A,P
7K2Q,A,P
2G49,A,C
6FJ3,A,B
3EHU,A,C
5AXI,A,E
3TUV,A,B
7E5E,A,E
9Y5G,A,B
2V8S,E,V
7BV4,A,C
8QQF,A,B
8BAN,A,C
1NRJ,A,B
5JYM,A,B
8EGW,A,B
4R10,A,B
3FF8,A,C
2OMU,A,B
2OMX,A,B
3FF7,A,C
2OMZ,A,B
1O6S,A,B
2OMT,A,B
8H62,A,B
3L6X,A,B
2OMV,A,B
2OMY,A,B
4APX,A,B
4AXW,A,B
4AQA,A,B
4AQE,A,B
4XXW,A,C
2OMW,A,B
5XA5,A,B
7X2E,A,B
7Z6F,E,A
8K3K,E,D
6YZ5,E,F
6ZBP,EEE,FFF
8HQT,A,B
8YDW,A,B
8YDV,A,B
7LDJ,A,E
8GZ5,A,B
8YDQ,A,B
8YDS,A,B
8YDU,A,B
8ENS,A,C
8ENW,A,C
8ENX,A,C
8HQV,A,B
8YDR,A,B
8YDP,A,B
8RBY,A,B
8YDT,A,B
7SPO,A,C
8IDO,A,C
