pdb_id,chain_a,chain_b,error
6O4M,C,A,No interface found within 6.0 A cutoff
7OZT,AAA,BBB,'NoneType' object has no attribute 'readlines'
8W30,A,B,'NoneType' object has no attribute 'readlines'
2ZL4,A,1,No interface found within 6.0 A cutoff
10BT,A,E,'NoneType' object has no attribute 'readlines'
10KU,A,E,No interface found within 6.0 A cutoff
11LJ,A,C,'NoneType' object has no attribute 'readlines'
3N93,A,C,No interface found within 6.0 A cutoff
7NMU,AAA,CCC,'NoneType' object has no attribute 'readlines'
8P6J,BBB,AAA,'NoneType' object has no attribute 'readlines'
3KKA,A,C,No interface found within 6.0 A cutoff
6NNV,A,I,No interface found within 6.0 A cutoff
1G1S,A,C,No interface found within 6.0 A cutoff
9RDA,A,B,'NoneType' object has no attribute 'readlines'
7Q5T,AAA,GGG,'NoneType' object has no attribute 'readlines'
6OCP,A,P,No interface found within 6.0 A cutoff
3DKS,A,E,No interface found within 6.0 A cutoff
7W0T,B,A,No interface found within 6.0 A cutoff
5L83,C,A,No interface found within 6.0 A cutoff
8Q6I,A,D,'NoneType' object has no attribute 'readlines'
8EN4,A,C,'NoneType' object has no attribute 'readlines'
8EN1,A,C,'NoneType' object has no attribute 'readlines'
9OBN,A,E,No interface found within 6.0 A cutoff
8EMY,A,G,'NoneType' object has no attribute 'readlines'
8EN5,A,E,'NoneType' object has no attribute 'readlines'
8EN6,A,C,'NoneType' object has no attribute 'readlines'
9LME,A,C,No interface found within 6.0 A cutoff
1D01,A,G,No interface found within 6.0 A cutoff
7S2S,A,B,No interface found within 6.0 A cutoff
9EZA,A,B,'NoneType' object has no attribute 'readlines'
4GS0,A,C,No interface found within 6.0 A cutoff
9HLO,A,B,'NoneType' object has no attribute 'readlines'
6ZM3,AAA,BBB,'NoneType' object has no attribute 'readlines'
4INH,A,J,No interface found within 6.0 A cutoff
6G26,A,E,No interface found within 6.0 A cutoff
4P78,A,C,No interface found within 6.0 A cutoff
3JV2,A,C,No interface found within 6.0 A cutoff
3TCF,A,I,No interface found within 6.0 A cutoff
4IIO,A,C,No interface found within 6.0 A cutoff
2V1R,A,P,No interface found within 6.0 A cutoff
6A9C,A,E,No interface found within 6.0 A cutoff
2AK5,A,D,No interface found within 6.0 A cutoff
5EEL,A,L,No interface found within 6.0 A cutoff
1JYQ,A,H,No interface found within 6.0 A cutoff
1P13,A,C,No interface found within 6.0 A cutoff
3SGD,I,H,No interface found within 6.0 A cutoff
3DA7,A,C,No interface found within 6.0 A cutoff
7F86,C,A,No interface found within 6.0 A cutoff
9MUL,A,B,'NoneType' object has no attribute 'readlines'
9MUM,A,B,'NoneType' object has no attribute 'readlines'
4EZ1,A,K,No interface found within 6.0 A cutoff
8S3R,A,B,'NoneType' object has no attribute 'readlines'
9L3R,A,B,'NoneType' object has no attribute 'readlines'
4IOS,A,D,No interface found within 6.0 A cutoff
7PA6,KKK,AAA,'NoneType' object has no attribute 'readlines'
4HEM,A,E,No interface found within 6.0 A cutoff
6EJM,A,H,No interface found within 6.0 A cutoff
3BPM,A,C,No interface found within 6.0 A cutoff
7OIQ,AAA,CCC,'NoneType' object has no attribute 'readlines'
3G3P,A,D,No interface found within 6.0 A cutoff
2R0Y,A,B,No interface found within 6.0 A cutoff
5M2I,A,G,No interface found within 6.0 A cutoff
5M2M,A,D,No interface found within 6.0 A cutoff
6HC0,A,B,No interface found within 6.0 A cutoff
5JEJ,C,A,No interface found within 6.0 A cutoff
3K24,A,C,No interface found within 6.0 A cutoff
3HM6,X,C,No interface found within 6.0 A cutoff
6GH8,B,A,No interface found within 6.0 A cutoff
7P5U,AAA,CCC,'NoneType' object has no attribute 'readlines'
8PFE,A,B,'NoneType' object has no attribute 'readlines'
9EOU,A,P,'NoneType' object has no attribute 'readlines'
1RSC,A,I,No interface found within 6.0 A cutoff
3MG9,A,B,No interface found within 6.0 A cutoff
4WXA,A,D,No interface found within 6.0 A cutoff
7SZT,A,E,No interface found within 6.0 A cutoff
4DCB,A,F,'NoneType' object has no attribute 'readlines'
9V99,A,I,No interface found within 6.0 A cutoff
2W80,A,C,No interface found within 6.0 A cutoff
2W81,A,C,No interface found within 6.0 A cutoff
4AYD,A,C,No interface found within 6.0 A cutoff
5ELQ,A,C,No interface found within 6.0 A cutoff
1MNM,A,C,No interface found within 6.0 A cutoff
2PC4,A,H,No interface found within 6.0 A cutoff
1OXQ,A,F,No interface found within 6.0 A cutoff
5TZQ,A,C,No interface found within 6.0 A cutoff
1OXN,A,F,No interface found within 6.0 A cutoff
7ADT,A,C,No interface found within 6.0 A cutoff
6V41,AAA,QQQ,'NoneType' object has no attribute 'readlines'
4X3S,A,C,No interface found within 6.0 A cutoff
4QUD,A,C,No interface found within 6.0 A cutoff
4EHA,A,B,No interface found within 6.0 A cutoff
9H3D,A,D,No interface found within 6.0 A cutoff
5Y9W,A,C,No interface found within 6.0 A cutoff
4QXF,A,C,No interface found within 6.0 A cutoff
8S1R,AAA,EaE,'NoneType' object has no attribute 'readlines'
2QBX,A,D,No interface found within 6.0 A cutoff
6CRN,A,E,No interface found within 6.0 A cutoff
8F16,A,C,No interface found within 6.0 A cutoff
8F15,A,D,No interface found within 6.0 A cutoff
8F17,A,C,No interface found within 6.0 A cutoff
9XMJ,A,B,'NoneType' object has no attribute 'readlines'
4LRZ,A,E,No interface found within 6.0 A cutoff
9TL4,A,B,'NoneType' object has no attribute 'readlines'
8C1L,A,D,No interface found within 6.0 A cutoff
5VAP,A,C,No interface found within 6.0 A cutoff
3G43,A,E,No interface found within 6.0 A cutoff
9NN3,A,C,No interface found within 6.0 A cutoff
6U61,A,D,No interface found within 6.0 A cutoff
6YX7,AAA,BBB,'NoneType' object has no attribute 'readlines'
5W2J,A,F,No interface found within 6.0 A cutoff
5OK6,A,C,No interface found within 6.0 A cutoff
4KSK,A,C,No interface found within 6.0 A cutoff
6CPM,C,E,No interface found within 6.0 A cutoff
9Z3V,A,C,'NoneType' object has no attribute 'readlines'
3TJW,A,B,No interface found within 6.0 A cutoff
3TRV,A,B,No interface found within 6.0 A cutoff
9Y6C,A,B,'NoneType' object has no attribute 'readlines'
6JV7,A,B,No interface found within 6.0 A cutoff
8TGE,A,G,'NoneType' object has no attribute 'readlines'
6A5Q,A,D,No interface found within 6.0 A cutoff
1QJA,A,Q,No interface found within 6.0 A cutoff
7QI1,A,E,No interface found within 6.0 A cutoff
3RQG,A,E,No interface found within 6.0 A cutoff
6A8N,A,C,No interface found within 6.0 A cutoff
2V3S,A,C,No interface found within 6.0 A cutoff
8SGF,A,Y,No interface found within 6.0 A cutoff
4APO,A,D,No interface found within 6.0 A cutoff
7R2E,A,C,No interface found within 6.0 A cutoff
1H0I,A,C,No interface found within 6.0 A cutoff
6DBG,A,C,No interface found within 6.0 A cutoff
7Q5U,AAA,GGG,'NoneType' object has no attribute 'readlines'
6NPO,A,C,No interface found within 6.0 A cutoff
4I0C,A,C,No interface found within 6.0 A cutoff
7K2I,A,P,No interface found within 6.0 A cutoff
8EHV,A,P,No interface found within 6.0 A cutoff
9QDU,A,B,'NoneType' object has no attribute 'readlines'
7K2G,A,P,No interface found within 6.0 A cutoff
7K2H,A,P,No interface found within 6.0 A cutoff
7K2Q,A,P,No interface found within 6.0 A cutoff
5AXI,A,E,No interface found within 6.0 A cutoff
3TUV,A,B,No interface found within 6.0 A cutoff
4XXW,A,C,No interface found within 6.0 A cutoff
6ZBP,EEE,FFF,'NoneType' object has no attribute 'readlines'
7LDJ,A,E,No interface found within 6.0 A cutoff
